sujet,date,statut
Synthwave et imagerie rétro-futuriste spatiale en décoration,2025-10-12T16:11:57.416634,succès_2025-10-13_09:00
Guardians of the Galaxy : quand les couleurs cosmiques deviennent pop,2025-10-12T16:19:41.226944,échec_publication
Culture rave et nébuleuses fluorescentes dans la déco moderne,2025-10-12T16:23:17.575092,échec_publication
Interstellar et la nouvelle représentation des trous noirs,2025-10-12T16:27:12.139896,succès_2025-10-13_09:00
Science-fiction française et son influence sur l'art spatial européen,2025-10-12T16:32:04.935086,succès_2025-10-13_09:00
Mouvement Outrun : l'obsession pour les horizons cosmiques,2025-10-12T16:41:30.372107,succès_2025-10-13_09:00
Steampunk spatial : l'astronomie rétro réinventée en décoration,2025-10-12T16:48:53.656826,succès_2025-10-13_09:00
Influence de Moebius sur l'esthétique désertique-spatiale,2025-10-12T16:53:15.460124,échec_publication
Cosmic Horror : de Lovecraft aux intérieurs gothiques spatiaux,2025-10-12T16:57:11.553343,échec_publication
Mythologies stellaires africaines dans l'art contemporain,2025-10-12T17:00:29.733276,échec_publication
Science-fiction française et son influence sur l'art spatial européen,2025-10-12T17:38:22.666723,succès
Mouvement Outrun : l'obsession pour les horizons cosmiques,2025-10-13T06:58:49.863457,succès
Steampunk spatial : l'astronomie rétro réinventée en décoration,2025-10-13T07:04:34.644217,succès
Influence de Moebius sur l'esthétique désertique-spatiale,2025-10-13T07:09:10.602359,succès
Comment choisir une palette de couleurs neutres pour un Airbnb ?,2025-10-13T07:48:48.775953,succès
Quelles sont les meilleures idées de décoration minimaliste pour location saisonnière ?,2025-10-13T07:53:18.247636,succès
Pourquoi les tableaux aux tons froids sont-ils recommandés pour favoriser le sommeil ?,2025-10-18T13:54:02.501699,succès
Comment choisir la taille idéale d'un tableau au-dessus de la tête de lit ?,2025-10-20T20:02:40.736526,succès
Les tableaux abstraits conviennent-ils mieux qu'un paysage réaliste dans une chambre à coucher ?,2025-10-23T20:02:50.974674,succès
Quelle est la hauteur optimale pour accrocher un tableau dans une chambre avec plafond standard ?,2025-10-27T20:02:57.635270,succès
Comment les tableaux monochromes créent-ils une atmosphère apaisante propice au sommeil ?,2025-10-30T20:03:41.524316,succès
Pourquoi les tableaux représentant l'eau (océans,2025-11-03T20:03:32.083711,succès
Les tableaux lumineux ou phosphorescents perturbent-ils le cycle circadien ?,2025-11-06T20:02:56.752732,succès
Pourquoi les tons beiges et sable créent-ils une ambiance cocooning dans une chambre ?,2025-11-10T20:02:50.218247,succès
Comment choisir entre un grand tableau unique ou une composition de plusieurs petits ?,2025-11-13T20:04:49.928556,succès
Les tableaux représentant des forêts ou des arbres apportent-ils une connexion avec la nature ?,2025-11-17T20:02:38.768147,succès
Pourquoi éviter les miroirs et surfaces réfléchissantes dans les tableaux de chambre selon le Feng Shui ?,2025-11-20T20:03:00.213925,succès
Les reproductions d'œuvres célèbres ont-elles leur place dans une chambre intime ?,2025-11-24T20:03:11.417039,succès
Pourquoi les tableaux de style minimaliste sont-ils prisés pour les chambres modernes ?,2025-11-27T20:03:13.756750,succès
Comment adapter le choix d'un tableau au style architectural de la chambre ?,2025-12-01T20:02:32.826838,succès
Pourquoi certains décorateurs déconseillent-ils les tableaux au-dessus du lit ?,2025-12-04T20:03:06.872154,succès
Comment les tableaux aux textures douces (velours,2025-12-08T20:02:44.086907,succès
Les photographies de déserts créent-elles une sensation d'espace et de tranquillité ?,2025-12-11T20:03:06.411898,succès
Pourquoi les tableaux dorés ou argentés peuvent-ils perturber l'harmonie d'une chambre sobre ?,2025-12-15T20:03:20.975085,succès
Comment choisir un tableau qui s'harmonise avec la literie et les textiles ?,2025-12-18T20:02:25.003643,succès
Pourquoi les œuvres d'art local ajoutent-elles une touche personnelle à la chambre ?,2025-12-22T20:02:57.735342,succès
Les tableaux représentant des nuages créent-ils une impression de légèreté ?,2025-12-25T20:02:43.607860,succès
Pourquoi éviter les tableaux aux couleurs vives (rouge,2025-12-29T20:02:19.094386,succès
Comment les tableaux de style méditerranéen évoquent-ils la douceur de vivre ?,2026-01-01T20:03:01.682976,succès
Les peintures à l'huile conviennent-elles mieux que les impressions pour une chambre principale ?,2026-01-05T20:02:20.218568,succès
Pourquoi les tableaux botaniques sont-ils tendance dans les chambres contemporaines ?,2026-01-08T20:02:53.896868,succès
Les tableaux symétriques créent-ils un équilibre visuel rassurant ?,2026-01-12T20:01:33.025601,échec_génération
Les tableaux symétriques créent-ils un équilibre visuel rassurant ?,2026-01-15T20:02:37.058559,succès
Pourquoi les photographies de plages méditerranéennes évoquent-elles la sérénité ?,2026-01-19T20:02:22.608527,succès
Comment les tableaux aux dégradés chromatiques influencent-ils l'ambiance lumineuse ?,2026-01-27T15:02:24.689272,succès
Les œuvres abstraites permettent-elles une interprétation personnelle favorisant la rêverie ?,2026-02-03T15:02:51.913409,succès
Pourquoi éviter les tableaux représentant des scènes dramatiques ou mélancoliques ?,2026-02-08T15:02:20.456879,succès
Comment positionner un tableau pour masquer un défaut architectural ?,2026-02-09T15:02:43.678970,succès
